{
	"_version": "1.1.0",
	"resources": [
		{
			"name": "Component-dbg.js",
			"module": "fin/cash/flow/analyzer/Component.js",
			"size": 2804,
			"isDebug": true,
			"required": [
				"fin/cash/flow/analyzer/controller/ErrorHandler.js",
				"fin/cash/flow/analyzer/model/models.js",
				"sap/ui/Device.js",
				"sap/ui/core/UIComponent.js"
			]
		},
		{
			"name": "Component-h2-preload-dbg.js",
			"module": "fin/cash/flow/analyzer/Component-h2-preload.js",
			"size": 23917,
			"isDebug": true,
			"merged": true,
			"required": [
				"fin/cash/flow/analyzer/view/FlowContent.fragment.xml",
				"sap/f/DynamicPage.js",
				"sap/f/DynamicPageHeader.js",
				"sap/f/DynamicPageTitle.js",
				"sap/m/ActionSheet.js",
				"sap/m/App.js",
				"sap/m/Button.js",
				"sap/m/DateTimePicker.js",
				"sap/m/Dialog.js",
				"sap/m/FlexBox.js",
				"sap/m/FlexItemData.js",
				"sap/m/HBox.js",
				"sap/m/Input.js",
				"sap/m/Label.js",
				"sap/m/Link.js",
				"sap/m/MessageBox.js",
				"sap/m/MessagePage.js",
				"sap/m/ObjectAttribute.js",
				"sap/m/ObjectStatus.js",
				"sap/m/OverflowToolbar.js",
				"sap/m/Popover.js",
				"sap/m/RadioButton.js",
				"sap/m/RadioButtonGroup.js",
				"sap/m/SegmentedButton.js",
				"sap/m/SegmentedButtonItem.js",
				"sap/m/Select.js",
				"sap/m/SelectDialog.js",
				"sap/m/StandardListItem.js",
				"sap/m/Text.js",
				"sap/m/Title.js",
				"sap/m/Toolbar.js",
				"sap/m/ToolbarSpacer.js",
				"sap/m/VBox.js",
				"sap/m/semantic/FullscreenPage.js",
				"sap/m/semantic/SendEmailAction.js",
				"sap/m/semantic/ShareInJamAction.js",
				"sap/suite/ui/commons/util/DateUtils.js",
				"sap/ui/Device.js",
				"sap/ui/base/Object.js",
				"sap/ui/comp/navpopover/SmartLink.js",
				"sap/ui/comp/odata/MetadataAnalyser.js",
				"sap/ui/comp/providers/ValueHelpProvider.js",
				"sap/ui/comp/providers/ValueListProvider.js",
				"sap/ui/comp/smartfilterbar/ControlConfiguration.js",
				"sap/ui/comp/smartfilterbar/GroupConfiguration.js",
				"sap/ui/comp/smartfilterbar/SmartFilterBar.js",
				"sap/ui/comp/smarttable/SmartTable.js",
				"sap/ui/comp/smartvariants/SmartVariantManagement.js",
				"sap/ui/core/CustomData.js",
				"sap/ui/core/ExtensionPoint.js",
				"sap/ui/core/Fragment.js",
				"sap/ui/core/Icon.js",
				"sap/ui/core/Item.js",
				"sap/ui/core/Title.js",
				"sap/ui/core/UIComponent.js",
				"sap/ui/core/format/DateFormat.js",
				"sap/ui/core/format/NumberFormat.js",
				"sap/ui/core/mvc/Controller.js",
				"sap/ui/core/mvc/View.js",
				"sap/ui/core/mvc/XMLView.js",
				"sap/ui/core/routing/History.js",
				"sap/ui/core/util/File.js",
				"sap/ui/generic/app/navigation/service/NavigationHandler.js",
				"sap/ui/generic/app/navigation/service/SelectionVariant.js",
				"sap/ui/layout/HorizontalLayout.js",
				"sap/ui/layout/VerticalLayout.js",
				"sap/ui/layout/form/FormContainer.js",
				"sap/ui/layout/form/FormElement.js",
				"sap/ui/model/Filter.js",
				"sap/ui/model/FilterOperator.js",
				"sap/ui/model/json/JSONModel.js",
				"sap/ui/table/AnalyticalColumn.js",
				"sap/ui/table/AnalyticalTable.js",
				"sap/ui/table/Column.js",
				"sap/ui/table/RowAction.js",
				"sap/ui/table/RowActionItem.js",
				"sap/ushell/ui/footerbar/AddBookmarkButton.js"
			],
			"included": [
				"fin/cash/flow/analyzer/Component.js",
				"fin/cash/flow/analyzer/manifest.json",
				"fin/cash/flow/analyzer/controller/App.controller.js",
				"fin/cash/flow/analyzer/controller/BankAccountHierarchy.controller.js",
				"fin/cash/flow/analyzer/controller/BaseController.js",
				"fin/cash/flow/analyzer/controller/CashConcentrationSim.controller.js",
				"fin/cash/flow/analyzer/controller/CycleController.js",
				"fin/cash/flow/analyzer/controller/DetailList.controller.js",
				"fin/cash/flow/analyzer/controller/ErrorHandler.js",
				"fin/cash/flow/analyzer/controller/ExternalNavigationController.js",
				"fin/cash/flow/analyzer/controller/LiquidityItemHierarchy.controller.js",
				"fin/cash/flow/analyzer/controller/MainController.js",
				"fin/cash/flow/analyzer/controller/NewHierarchyController.js",
				"fin/cash/flow/analyzer/controller/NotFound.controller.js",
				"fin/cash/flow/analyzer/controller/S1.controller.js",
				"fin/cash/flow/analyzer/controller/S2.controller.js",
				"fin/cash/flow/analyzer/controller/Worklist.controller.js",
				"fin/cash/flow/analyzer/controller/Worklist_D.controller.js",
				"fin/cash/flow/analyzer/helper/AppSettingsHelper.js",
				"fin/cash/flow/analyzer/i18n/i18n.properties",
				"fin/cash/flow/analyzer/i18n/i18n_ar.properties",
				"fin/cash/flow/analyzer/i18n/i18n_bg.properties",
				"fin/cash/flow/analyzer/i18n/i18n_ca.properties",
				"fin/cash/flow/analyzer/i18n/i18n_cs.properties",
				"fin/cash/flow/analyzer/i18n/i18n_da.properties",
				"fin/cash/flow/analyzer/i18n/i18n_de.properties",
				"fin/cash/flow/analyzer/i18n/i18n_el.properties",
				"fin/cash/flow/analyzer/i18n/i18n_en.properties",
				"fin/cash/flow/analyzer/i18n/i18n_en_US_sappsd.properties",
				"fin/cash/flow/analyzer/i18n/i18n_en_US_saptrc.properties",
				"fin/cash/flow/analyzer/i18n/i18n_es.properties",
				"fin/cash/flow/analyzer/i18n/i18n_et.properties",
				"fin/cash/flow/analyzer/i18n/i18n_fi.properties",
				"fin/cash/flow/analyzer/i18n/i18n_fr.properties",
				"fin/cash/flow/analyzer/i18n/i18n_hi.properties",
				"fin/cash/flow/analyzer/i18n/i18n_hr.properties",
				"fin/cash/flow/analyzer/i18n/i18n_hu.properties",
				"fin/cash/flow/analyzer/i18n/i18n_it.properties",
				"fin/cash/flow/analyzer/i18n/i18n_iw.properties",
				"fin/cash/flow/analyzer/i18n/i18n_ja.properties",
				"fin/cash/flow/analyzer/i18n/i18n_kk.properties",
				"fin/cash/flow/analyzer/i18n/i18n_ko.properties",
				"fin/cash/flow/analyzer/i18n/i18n_lt.properties",
				"fin/cash/flow/analyzer/i18n/i18n_lv.properties",
				"fin/cash/flow/analyzer/i18n/i18n_ms.properties",
				"fin/cash/flow/analyzer/i18n/i18n_nl.properties",
				"fin/cash/flow/analyzer/i18n/i18n_no.properties",
				"fin/cash/flow/analyzer/i18n/i18n_pl.properties",
				"fin/cash/flow/analyzer/i18n/i18n_pt.properties",
				"fin/cash/flow/analyzer/i18n/i18n_ro.properties",
				"fin/cash/flow/analyzer/i18n/i18n_ru.properties",
				"fin/cash/flow/analyzer/i18n/i18n_sh.properties",
				"fin/cash/flow/analyzer/i18n/i18n_sk.properties",
				"fin/cash/flow/analyzer/i18n/i18n_sl.properties",
				"fin/cash/flow/analyzer/i18n/i18n_sv.properties",
				"fin/cash/flow/analyzer/i18n/i18n_th.properties",
				"fin/cash/flow/analyzer/i18n/i18n_tr.properties",
				"fin/cash/flow/analyzer/i18n/i18n_uk.properties",
				"fin/cash/flow/analyzer/i18n/i18n_vi.properties",
				"fin/cash/flow/analyzer/i18n/i18n_zh_CN.properties",
				"fin/cash/flow/analyzer/i18n/i18n_zh_TW.properties",
				"fin/cash/flow/analyzer/model/formatter.js",
				"fin/cash/flow/analyzer/model/models.js",
				"fin/cash/flow/analyzer/util/Conversions.js",
				"fin/cash/flow/analyzer/util/ErrorHandler.js",
				"fin/cash/flow/analyzer/util/Formatter.js",
				"fin/cash/flow/analyzer/util/StringUtil.js",
				"fin/cash/flow/analyzer/view/App.view.xml",
				"fin/cash/flow/analyzer/view/BankAccountHierarchy.view.xml",
				"fin/cash/flow/analyzer/view/CashConcentrationSim.view.xml",
				"fin/cash/flow/analyzer/view/DetailList.view.xml",
				"fin/cash/flow/analyzer/view/LiquidityItemHierarchy.view.xml",
				"fin/cash/flow/analyzer/view/NotFound.view.xml",
				"fin/cash/flow/analyzer/view/S1.view.xml",
				"fin/cash/flow/analyzer/view/Worklist.view.xml",
				"fin/cash/flow/analyzer/view/Worklist_D.view.xml",
				"fin/cash/flow/analyzer/view/fragment/AppSettingsDialog.fragment.xml",
				"fin/cash/flow/analyzer/view/fragment/BADialog.fragment.xml",
				"fin/cash/flow/analyzer/view/fragment/BankAccountHierarchy.fragment.xml",
				"fin/cash/flow/analyzer/view/fragment/CADialog.fragment.xml",
				"fin/cash/flow/analyzer/view/fragment/CPDialog.fragment.xml",
				"fin/cash/flow/analyzer/view/fragment/CPDsplyCrcyDialog.fragment.xml",
				"fin/cash/flow/analyzer/view/fragment/CashConcentrationSim.fragment.xml",
				"fin/cash/flow/analyzer/view/fragment/DisplaySelectionPopover.fragment.xml",
				"fin/cash/flow/analyzer/view/fragment/FlowContent.fragment.xml",
				"fin/cash/flow/analyzer/view/fragment/FlowContentSmartFilterBar.fragment.xml",
				"fin/cash/flow/analyzer/view/fragment/FlowContentSmartTable.fragment.xml",
				"fin/cash/flow/analyzer/view/fragment/HDsplyCrcyDialog.fragment.xml",
				"fin/cash/flow/analyzer/view/fragment/LQDialog.fragment.xml",
				"fin/cash/flow/analyzer/view/fragment/LiquidityItemHierarchy.fragment.xml",
				"fin/cash/flow/analyzer/view/fragment/NaviDetailPopOver.fragment.xml",
				"fin/cash/flow/analyzer/view/fragment/NaviPopOverForBL.fragment.xml",
				"fin/cash/flow/analyzer/view/fragment/UsrDsplyCrcyDialog.fragment.xml",
				"fin/cash/flow/analyzer/view/fragment/Worklist_D.fragment.xml",
				"fin/cash/flow/analyzer/view/fragment/shareActionSheet.fragment.xml",
				"fin/cash/flow/analyzer/view/fragment_ccfi/BCMDetail.fragment.xml",
				"fin/cash/flow/analyzer/view/fragment_ccfi/BankStatement.fragment.xml",
				"fin/cash/flow/analyzer/view/fragment_ccfi/Customer.fragment.xml",
				"fin/cash/flow/analyzer/view/fragment_ccfi/DocumentInfo.fragment.xml",
				"fin/cash/flow/analyzer/view/fragment_ccfi/FqmFlow.fragment.xml",
				"fin/cash/flow/analyzer/view/fragment_ccfi/FqmFlowMM.fragment.xml",
				"fin/cash/flow/analyzer/view/fragment_ccfi/FqmFlowSD.fragment.xml",
				"fin/cash/flow/analyzer/view/fragment_ccfi/GeneralInfo.fragment.xml",
				"fin/cash/flow/analyzer/view/fragment_ccfi/LoanInfo.fragment.xml",
				"fin/cash/flow/analyzer/view/fragment_ccfi/MemoRecord.fragment.xml",
				"fin/cash/flow/analyzer/view/fragment_ccfi/PaymentDetail.fragment.xml",
				"fin/cash/flow/analyzer/view/fragment_ccfi/PaymentRequest.fragment.xml",
				"fin/cash/flow/analyzer/view/fragment_ccfi/TRM.fragment.xml",
				"fin/cash/flow/analyzer/view/fragment_ccfi/Vendor.fragment.xml"
			]
		},
		{
			"name": "Component-h2-preload.js",
			"module": "fin/cash/flow/analyzer/Component-h2-preload.js",
			"size": 23786,
			"merged": true,
			"required": [
				"fin/cash/flow/analyzer/view/FlowContent.fragment.xml",
				"sap/f/DynamicPage.js",
				"sap/f/DynamicPageHeader.js",
				"sap/f/DynamicPageTitle.js",
				"sap/m/ActionSheet.js",
				"sap/m/App.js",
				"sap/m/Button.js",
				"sap/m/DateTimePicker.js",
				"sap/m/Dialog.js",
				"sap/m/FlexBox.js",
				"sap/m/FlexItemData.js",
				"sap/m/HBox.js",
				"sap/m/Input.js",
				"sap/m/Label.js",
				"sap/m/Link.js",
				"sap/m/MessageBox.js",
				"sap/m/MessagePage.js",
				"sap/m/ObjectAttribute.js",
				"sap/m/ObjectStatus.js",
				"sap/m/OverflowToolbar.js",
				"sap/m/Popover.js",
				"sap/m/RadioButton.js",
				"sap/m/RadioButtonGroup.js",
				"sap/m/SegmentedButton.js",
				"sap/m/SegmentedButtonItem.js",
				"sap/m/Select.js",
				"sap/m/SelectDialog.js",
				"sap/m/StandardListItem.js",
				"sap/m/Text.js",
				"sap/m/Title.js",
				"sap/m/Toolbar.js",
				"sap/m/ToolbarSpacer.js",
				"sap/m/VBox.js",
				"sap/m/semantic/FullscreenPage.js",
				"sap/m/semantic/SendEmailAction.js",
				"sap/m/semantic/ShareInJamAction.js",
				"sap/suite/ui/commons/util/DateUtils.js",
				"sap/ui/Device.js",
				"sap/ui/base/Object.js",
				"sap/ui/comp/navpopover/SmartLink.js",
				"sap/ui/comp/odata/MetadataAnalyser.js",
				"sap/ui/comp/providers/ValueHelpProvider.js",
				"sap/ui/comp/providers/ValueListProvider.js",
				"sap/ui/comp/smartfilterbar/ControlConfiguration.js",
				"sap/ui/comp/smartfilterbar/GroupConfiguration.js",
				"sap/ui/comp/smartfilterbar/SmartFilterBar.js",
				"sap/ui/comp/smarttable/SmartTable.js",
				"sap/ui/comp/smartvariants/SmartVariantManagement.js",
				"sap/ui/core/CustomData.js",
				"sap/ui/core/ExtensionPoint.js",
				"sap/ui/core/Fragment.js",
				"sap/ui/core/Icon.js",
				"sap/ui/core/Item.js",
				"sap/ui/core/Title.js",
				"sap/ui/core/UIComponent.js",
				"sap/ui/core/format/DateFormat.js",
				"sap/ui/core/format/NumberFormat.js",
				"sap/ui/core/mvc/Controller.js",
				"sap/ui/core/mvc/View.js",
				"sap/ui/core/mvc/XMLView.js",
				"sap/ui/core/routing/History.js",
				"sap/ui/core/util/File.js",
				"sap/ui/generic/app/navigation/service/NavigationHandler.js",
				"sap/ui/generic/app/navigation/service/SelectionVariant.js",
				"sap/ui/layout/HorizontalLayout.js",
				"sap/ui/layout/VerticalLayout.js",
				"sap/ui/layout/form/FormContainer.js",
				"sap/ui/layout/form/FormElement.js",
				"sap/ui/model/Filter.js",
				"sap/ui/model/FilterOperator.js",
				"sap/ui/model/json/JSONModel.js",
				"sap/ui/table/AnalyticalColumn.js",
				"sap/ui/table/AnalyticalTable.js",
				"sap/ui/table/Column.js",
				"sap/ui/table/RowAction.js",
				"sap/ui/table/RowActionItem.js",
				"sap/ushell/ui/footerbar/AddBookmarkButton.js"
			],
			"included": [
				"fin/cash/flow/analyzer/Component.js",
				"fin/cash/flow/analyzer/manifest.json",
				"fin/cash/flow/analyzer/controller/App.controller.js",
				"fin/cash/flow/analyzer/controller/BankAccountHierarchy.controller.js",
				"fin/cash/flow/analyzer/controller/BaseController.js",
				"fin/cash/flow/analyzer/controller/CashConcentrationSim.controller.js",
				"fin/cash/flow/analyzer/controller/CycleController.js",
				"fin/cash/flow/analyzer/controller/DetailList.controller.js",
				"fin/cash/flow/analyzer/controller/ErrorHandler.js",
				"fin/cash/flow/analyzer/controller/ExternalNavigationController.js",
				"fin/cash/flow/analyzer/controller/LiquidityItemHierarchy.controller.js",
				"fin/cash/flow/analyzer/controller/MainController.js",
				"fin/cash/flow/analyzer/controller/NewHierarchyController.js",
				"fin/cash/flow/analyzer/controller/NotFound.controller.js",
				"fin/cash/flow/analyzer/controller/S1.controller.js",
				"fin/cash/flow/analyzer/controller/S2.controller.js",
				"fin/cash/flow/analyzer/controller/Worklist.controller.js",
				"fin/cash/flow/analyzer/controller/Worklist_D.controller.js",
				"fin/cash/flow/analyzer/helper/AppSettingsHelper.js",
				"fin/cash/flow/analyzer/i18n/i18n.properties",
				"fin/cash/flow/analyzer/i18n/i18n_ar.properties",
				"fin/cash/flow/analyzer/i18n/i18n_bg.properties",
				"fin/cash/flow/analyzer/i18n/i18n_ca.properties",
				"fin/cash/flow/analyzer/i18n/i18n_cs.properties",
				"fin/cash/flow/analyzer/i18n/i18n_da.properties",
				"fin/cash/flow/analyzer/i18n/i18n_de.properties",
				"fin/cash/flow/analyzer/i18n/i18n_el.properties",
				"fin/cash/flow/analyzer/i18n/i18n_en.properties",
				"fin/cash/flow/analyzer/i18n/i18n_en_US_sappsd.properties",
				"fin/cash/flow/analyzer/i18n/i18n_en_US_saptrc.properties",
				"fin/cash/flow/analyzer/i18n/i18n_es.properties",
				"fin/cash/flow/analyzer/i18n/i18n_et.properties",
				"fin/cash/flow/analyzer/i18n/i18n_fi.properties",
				"fin/cash/flow/analyzer/i18n/i18n_fr.properties",
				"fin/cash/flow/analyzer/i18n/i18n_hi.properties",
				"fin/cash/flow/analyzer/i18n/i18n_hr.properties",
				"fin/cash/flow/analyzer/i18n/i18n_hu.properties",
				"fin/cash/flow/analyzer/i18n/i18n_it.properties",
				"fin/cash/flow/analyzer/i18n/i18n_iw.properties",
				"fin/cash/flow/analyzer/i18n/i18n_ja.properties",
				"fin/cash/flow/analyzer/i18n/i18n_kk.properties",
				"fin/cash/flow/analyzer/i18n/i18n_ko.properties",
				"fin/cash/flow/analyzer/i18n/i18n_lt.properties",
				"fin/cash/flow/analyzer/i18n/i18n_lv.properties",
				"fin/cash/flow/analyzer/i18n/i18n_ms.properties",
				"fin/cash/flow/analyzer/i18n/i18n_nl.properties",
				"fin/cash/flow/analyzer/i18n/i18n_no.properties",
				"fin/cash/flow/analyzer/i18n/i18n_pl.properties",
				"fin/cash/flow/analyzer/i18n/i18n_pt.properties",
				"fin/cash/flow/analyzer/i18n/i18n_ro.properties",
				"fin/cash/flow/analyzer/i18n/i18n_ru.properties",
				"fin/cash/flow/analyzer/i18n/i18n_sh.properties",
				"fin/cash/flow/analyzer/i18n/i18n_sk.properties",
				"fin/cash/flow/analyzer/i18n/i18n_sl.properties",
				"fin/cash/flow/analyzer/i18n/i18n_sv.properties",
				"fin/cash/flow/analyzer/i18n/i18n_th.properties",
				"fin/cash/flow/analyzer/i18n/i18n_tr.properties",
				"fin/cash/flow/analyzer/i18n/i18n_uk.properties",
				"fin/cash/flow/analyzer/i18n/i18n_vi.properties",
				"fin/cash/flow/analyzer/i18n/i18n_zh_CN.properties",
				"fin/cash/flow/analyzer/i18n/i18n_zh_TW.properties",
				"fin/cash/flow/analyzer/model/formatter.js",
				"fin/cash/flow/analyzer/model/models.js",
				"fin/cash/flow/analyzer/util/Conversions.js",
				"fin/cash/flow/analyzer/util/ErrorHandler.js",
				"fin/cash/flow/analyzer/util/Formatter.js",
				"fin/cash/flow/analyzer/util/StringUtil.js",
				"fin/cash/flow/analyzer/view/App.view.xml",
				"fin/cash/flow/analyzer/view/BankAccountHierarchy.view.xml",
				"fin/cash/flow/analyzer/view/CashConcentrationSim.view.xml",
				"fin/cash/flow/analyzer/view/DetailList.view.xml",
				"fin/cash/flow/analyzer/view/LiquidityItemHierarchy.view.xml",
				"fin/cash/flow/analyzer/view/NotFound.view.xml",
				"fin/cash/flow/analyzer/view/S1.view.xml",
				"fin/cash/flow/analyzer/view/Worklist.view.xml",
				"fin/cash/flow/analyzer/view/Worklist_D.view.xml",
				"fin/cash/flow/analyzer/view/fragment/AppSettingsDialog.fragment.xml",
				"fin/cash/flow/analyzer/view/fragment/BADialog.fragment.xml",
				"fin/cash/flow/analyzer/view/fragment/BankAccountHierarchy.fragment.xml",
				"fin/cash/flow/analyzer/view/fragment/CADialog.fragment.xml",
				"fin/cash/flow/analyzer/view/fragment/CPDialog.fragment.xml",
				"fin/cash/flow/analyzer/view/fragment/CPDsplyCrcyDialog.fragment.xml",
				"fin/cash/flow/analyzer/view/fragment/CashConcentrationSim.fragment.xml",
				"fin/cash/flow/analyzer/view/fragment/DisplaySelectionPopover.fragment.xml",
				"fin/cash/flow/analyzer/view/fragment/FlowContent.fragment.xml",
				"fin/cash/flow/analyzer/view/fragment/FlowContentSmartFilterBar.fragment.xml",
				"fin/cash/flow/analyzer/view/fragment/FlowContentSmartTable.fragment.xml",
				"fin/cash/flow/analyzer/view/fragment/HDsplyCrcyDialog.fragment.xml",
				"fin/cash/flow/analyzer/view/fragment/LQDialog.fragment.xml",
				"fin/cash/flow/analyzer/view/fragment/LiquidityItemHierarchy.fragment.xml",
				"fin/cash/flow/analyzer/view/fragment/NaviDetailPopOver.fragment.xml",
				"fin/cash/flow/analyzer/view/fragment/NaviPopOverForBL.fragment.xml",
				"fin/cash/flow/analyzer/view/fragment/UsrDsplyCrcyDialog.fragment.xml",
				"fin/cash/flow/analyzer/view/fragment/Worklist_D.fragment.xml",
				"fin/cash/flow/analyzer/view/fragment/shareActionSheet.fragment.xml",
				"fin/cash/flow/analyzer/view/fragment_ccfi/BCMDetail.fragment.xml",
				"fin/cash/flow/analyzer/view/fragment_ccfi/BankStatement.fragment.xml",
				"fin/cash/flow/analyzer/view/fragment_ccfi/Customer.fragment.xml",
				"fin/cash/flow/analyzer/view/fragment_ccfi/DocumentInfo.fragment.xml",
				"fin/cash/flow/analyzer/view/fragment_ccfi/FqmFlow.fragment.xml",
				"fin/cash/flow/analyzer/view/fragment_ccfi/FqmFlowMM.fragment.xml",
				"fin/cash/flow/analyzer/view/fragment_ccfi/FqmFlowSD.fragment.xml",
				"fin/cash/flow/analyzer/view/fragment_ccfi/GeneralInfo.fragment.xml",
				"fin/cash/flow/analyzer/view/fragment_ccfi/LoanInfo.fragment.xml",
				"fin/cash/flow/analyzer/view/fragment_ccfi/MemoRecord.fragment.xml",
				"fin/cash/flow/analyzer/view/fragment_ccfi/PaymentDetail.fragment.xml",
				"fin/cash/flow/analyzer/view/fragment_ccfi/PaymentRequest.fragment.xml",
				"fin/cash/flow/analyzer/view/fragment_ccfi/TRM.fragment.xml",
				"fin/cash/flow/analyzer/view/fragment_ccfi/Vendor.fragment.xml"
			]
		},
		{
			"name": "Component-preload.js",
			"module": "fin/cash/flow/analyzer/Component-preload.js",
			"size": 1593726,
			"merged": true,
			"required": [
				"fin/cash/flow/analyzer/view/FlowContent.fragment.xml",
				"sap/f/DynamicPage.js",
				"sap/f/DynamicPageHeader.js",
				"sap/f/DynamicPageTitle.js",
				"sap/m/ActionSheet.js",
				"sap/m/App.js",
				"sap/m/Button.js",
				"sap/m/DateTimePicker.js",
				"sap/m/Dialog.js",
				"sap/m/FlexBox.js",
				"sap/m/FlexItemData.js",
				"sap/m/HBox.js",
				"sap/m/Input.js",
				"sap/m/Label.js",
				"sap/m/Link.js",
				"sap/m/MessageBox.js",
				"sap/m/MessagePage.js",
				"sap/m/ObjectAttribute.js",
				"sap/m/ObjectStatus.js",
				"sap/m/OverflowToolbar.js",
				"sap/m/Popover.js",
				"sap/m/RadioButton.js",
				"sap/m/RadioButtonGroup.js",
				"sap/m/SegmentedButton.js",
				"sap/m/SegmentedButtonItem.js",
				"sap/m/Select.js",
				"sap/m/SelectDialog.js",
				"sap/m/StandardListItem.js",
				"sap/m/Text.js",
				"sap/m/Title.js",
				"sap/m/Toolbar.js",
				"sap/m/ToolbarSpacer.js",
				"sap/m/VBox.js",
				"sap/m/semantic/FullscreenPage.js",
				"sap/m/semantic/SendEmailAction.js",
				"sap/m/semantic/ShareInJamAction.js",
				"sap/suite/ui/commons/util/DateUtils.js",
				"sap/ui/Device.js",
				"sap/ui/base/Object.js",
				"sap/ui/comp/navpopover/SmartLink.js",
				"sap/ui/comp/odata/MetadataAnalyser.js",
				"sap/ui/comp/providers/ValueHelpProvider.js",
				"sap/ui/comp/providers/ValueListProvider.js",
				"sap/ui/comp/smartfilterbar/ControlConfiguration.js",
				"sap/ui/comp/smartfilterbar/GroupConfiguration.js",
				"sap/ui/comp/smartfilterbar/SmartFilterBar.js",
				"sap/ui/comp/smarttable/SmartTable.js",
				"sap/ui/comp/smartvariants/SmartVariantManagement.js",
				"sap/ui/core/CustomData.js",
				"sap/ui/core/ExtensionPoint.js",
				"sap/ui/core/Fragment.js",
				"sap/ui/core/Icon.js",
				"sap/ui/core/Item.js",
				"sap/ui/core/Title.js",
				"sap/ui/core/UIComponent.js",
				"sap/ui/core/format/DateFormat.js",
				"sap/ui/core/format/NumberFormat.js",
				"sap/ui/core/mvc/Controller.js",
				"sap/ui/core/mvc/View.js",
				"sap/ui/core/mvc/XMLView.js",
				"sap/ui/core/routing/History.js",
				"sap/ui/core/util/File.js",
				"sap/ui/generic/app/navigation/service/NavigationHandler.js",
				"sap/ui/generic/app/navigation/service/SelectionVariant.js",
				"sap/ui/layout/HorizontalLayout.js",
				"sap/ui/layout/VerticalLayout.js",
				"sap/ui/layout/form/FormContainer.js",
				"sap/ui/layout/form/FormElement.js",
				"sap/ui/model/Filter.js",
				"sap/ui/model/FilterOperator.js",
				"sap/ui/model/json/JSONModel.js",
				"sap/ui/table/AnalyticalColumn.js",
				"sap/ui/table/AnalyticalTable.js",
				"sap/ui/table/Column.js",
				"sap/ui/table/RowAction.js",
				"sap/ui/table/RowActionItem.js",
				"sap/ushell/ui/footerbar/AddBookmarkButton.js"
			],
			"included": [
				"fin/cash/flow/analyzer/Component.js",
				"fin/cash/flow/analyzer/controller/App.controller.js",
				"fin/cash/flow/analyzer/controller/BankAccountHierarchy.controller.js",
				"fin/cash/flow/analyzer/controller/BaseController.js",
				"fin/cash/flow/analyzer/controller/CashConcentrationSim.controller.js",
				"fin/cash/flow/analyzer/controller/CycleController.js",
				"fin/cash/flow/analyzer/controller/DetailList.controller.js",
				"fin/cash/flow/analyzer/controller/ErrorHandler.js",
				"fin/cash/flow/analyzer/controller/ExternalNavigationController.js",
				"fin/cash/flow/analyzer/controller/LiquidityItemHierarchy.controller.js",
				"fin/cash/flow/analyzer/controller/MainController.js",
				"fin/cash/flow/analyzer/controller/NewHierarchyController.js",
				"fin/cash/flow/analyzer/controller/NotFound.controller.js",
				"fin/cash/flow/analyzer/controller/S1.controller.js",
				"fin/cash/flow/analyzer/controller/S2.controller.js",
				"fin/cash/flow/analyzer/controller/Worklist.controller.js",
				"fin/cash/flow/analyzer/controller/Worklist_D.controller.js",
				"fin/cash/flow/analyzer/helper/AppSettingsHelper.js",
				"fin/cash/flow/analyzer/i18n/i18n.properties",
				"fin/cash/flow/analyzer/i18n/i18n_ar.properties",
				"fin/cash/flow/analyzer/i18n/i18n_bg.properties",
				"fin/cash/flow/analyzer/i18n/i18n_ca.properties",
				"fin/cash/flow/analyzer/i18n/i18n_cs.properties",
				"fin/cash/flow/analyzer/i18n/i18n_da.properties",
				"fin/cash/flow/analyzer/i18n/i18n_de.properties",
				"fin/cash/flow/analyzer/i18n/i18n_el.properties",
				"fin/cash/flow/analyzer/i18n/i18n_en.properties",
				"fin/cash/flow/analyzer/i18n/i18n_en_US_sappsd.properties",
				"fin/cash/flow/analyzer/i18n/i18n_en_US_saptrc.properties",
				"fin/cash/flow/analyzer/i18n/i18n_es.properties",
				"fin/cash/flow/analyzer/i18n/i18n_et.properties",
				"fin/cash/flow/analyzer/i18n/i18n_fi.properties",
				"fin/cash/flow/analyzer/i18n/i18n_fr.properties",
				"fin/cash/flow/analyzer/i18n/i18n_hi.properties",
				"fin/cash/flow/analyzer/i18n/i18n_hr.properties",
				"fin/cash/flow/analyzer/i18n/i18n_hu.properties",
				"fin/cash/flow/analyzer/i18n/i18n_it.properties",
				"fin/cash/flow/analyzer/i18n/i18n_iw.properties",
				"fin/cash/flow/analyzer/i18n/i18n_ja.properties",
				"fin/cash/flow/analyzer/i18n/i18n_kk.properties",
				"fin/cash/flow/analyzer/i18n/i18n_ko.properties",
				"fin/cash/flow/analyzer/i18n/i18n_lt.properties",
				"fin/cash/flow/analyzer/i18n/i18n_lv.properties",
				"fin/cash/flow/analyzer/i18n/i18n_ms.properties",
				"fin/cash/flow/analyzer/i18n/i18n_nl.properties",
				"fin/cash/flow/analyzer/i18n/i18n_no.properties",
				"fin/cash/flow/analyzer/i18n/i18n_pl.properties",
				"fin/cash/flow/analyzer/i18n/i18n_pt.properties",
				"fin/cash/flow/analyzer/i18n/i18n_ro.properties",
				"fin/cash/flow/analyzer/i18n/i18n_ru.properties",
				"fin/cash/flow/analyzer/i18n/i18n_sh.properties",
				"fin/cash/flow/analyzer/i18n/i18n_sk.properties",
				"fin/cash/flow/analyzer/i18n/i18n_sl.properties",
				"fin/cash/flow/analyzer/i18n/i18n_sv.properties",
				"fin/cash/flow/analyzer/i18n/i18n_th.properties",
				"fin/cash/flow/analyzer/i18n/i18n_tr.properties",
				"fin/cash/flow/analyzer/i18n/i18n_uk.properties",
				"fin/cash/flow/analyzer/i18n/i18n_vi.properties",
				"fin/cash/flow/analyzer/i18n/i18n_zh_CN.properties",
				"fin/cash/flow/analyzer/i18n/i18n_zh_TW.properties",
				"fin/cash/flow/analyzer/manifest.json",
				"fin/cash/flow/analyzer/model/formatter.js",
				"fin/cash/flow/analyzer/model/models.js",
				"fin/cash/flow/analyzer/util/Conversions.js",
				"fin/cash/flow/analyzer/util/ErrorHandler.js",
				"fin/cash/flow/analyzer/util/Formatter.js",
				"fin/cash/flow/analyzer/util/StringUtil.js",
				"fin/cash/flow/analyzer/view/App.view.xml",
				"fin/cash/flow/analyzer/view/BankAccountHierarchy.view.xml",
				"fin/cash/flow/analyzer/view/CashConcentrationSim.view.xml",
				"fin/cash/flow/analyzer/view/DetailList.view.xml",
				"fin/cash/flow/analyzer/view/LiquidityItemHierarchy.view.xml",
				"fin/cash/flow/analyzer/view/NotFound.view.xml",
				"fin/cash/flow/analyzer/view/S1.view.xml",
				"fin/cash/flow/analyzer/view/Worklist.view.xml",
				"fin/cash/flow/analyzer/view/Worklist_D.view.xml",
				"fin/cash/flow/analyzer/view/fragment/AppSettingsDialog.fragment.xml",
				"fin/cash/flow/analyzer/view/fragment/BADialog.fragment.xml",
				"fin/cash/flow/analyzer/view/fragment/BankAccountHierarchy.fragment.xml",
				"fin/cash/flow/analyzer/view/fragment/CADialog.fragment.xml",
				"fin/cash/flow/analyzer/view/fragment/CPDialog.fragment.xml",
				"fin/cash/flow/analyzer/view/fragment/CPDsplyCrcyDialog.fragment.xml",
				"fin/cash/flow/analyzer/view/fragment/CashConcentrationSim.fragment.xml",
				"fin/cash/flow/analyzer/view/fragment/DisplaySelectionPopover.fragment.xml",
				"fin/cash/flow/analyzer/view/fragment/FlowContent.fragment.xml",
				"fin/cash/flow/analyzer/view/fragment/FlowContentSmartFilterBar.fragment.xml",
				"fin/cash/flow/analyzer/view/fragment/FlowContentSmartTable.fragment.xml",
				"fin/cash/flow/analyzer/view/fragment/HDsplyCrcyDialog.fragment.xml",
				"fin/cash/flow/analyzer/view/fragment/LQDialog.fragment.xml",
				"fin/cash/flow/analyzer/view/fragment/LiquidityItemHierarchy.fragment.xml",
				"fin/cash/flow/analyzer/view/fragment/NaviDetailPopOver.fragment.xml",
				"fin/cash/flow/analyzer/view/fragment/NaviPopOverForBL.fragment.xml",
				"fin/cash/flow/analyzer/view/fragment/UsrDsplyCrcyDialog.fragment.xml",
				"fin/cash/flow/analyzer/view/fragment/Worklist_D.fragment.xml",
				"fin/cash/flow/analyzer/view/fragment/shareActionSheet.fragment.xml",
				"fin/cash/flow/analyzer/view/fragment_ccfi/BCMDetail.fragment.xml",
				"fin/cash/flow/analyzer/view/fragment_ccfi/BankStatement.fragment.xml",
				"fin/cash/flow/analyzer/view/fragment_ccfi/Customer.fragment.xml",
				"fin/cash/flow/analyzer/view/fragment_ccfi/DocumentInfo.fragment.xml",
				"fin/cash/flow/analyzer/view/fragment_ccfi/FqmFlow.fragment.xml",
				"fin/cash/flow/analyzer/view/fragment_ccfi/FqmFlowMM.fragment.xml",
				"fin/cash/flow/analyzer/view/fragment_ccfi/FqmFlowSD.fragment.xml",
				"fin/cash/flow/analyzer/view/fragment_ccfi/GeneralInfo.fragment.xml",
				"fin/cash/flow/analyzer/view/fragment_ccfi/LoanInfo.fragment.xml",
				"fin/cash/flow/analyzer/view/fragment_ccfi/MemoRecord.fragment.xml",
				"fin/cash/flow/analyzer/view/fragment_ccfi/PaymentDetail.fragment.xml",
				"fin/cash/flow/analyzer/view/fragment_ccfi/PaymentRequest.fragment.xml",
				"fin/cash/flow/analyzer/view/fragment_ccfi/TRM.fragment.xml",
				"fin/cash/flow/analyzer/view/fragment_ccfi/Vendor.fragment.xml"
			]
		},
		{
			"name": "Component.js",
			"module": "fin/cash/flow/analyzer/Component.js",
			"size": 1149,
			"required": [
				"fin/cash/flow/analyzer/controller/ErrorHandler.js",
				"fin/cash/flow/analyzer/model/models.js",
				"sap/ui/Device.js",
				"sap/ui/core/UIComponent.js"
			]
		},
		{
			"name": "controller/App-dbg.controller.js",
			"module": "fin/cash/flow/analyzer/controller/App.controller.js",
			"size": 931,
			"isDebug": true,
			"required": [
				"fin/cash/flow/analyzer/controller/BaseController.js",
				"sap/ui/model/json/JSONModel.js"
			]
		},
		{
			"name": "controller/App.controller.js",
			"module": "fin/cash/flow/analyzer/controller/App.controller.js",
			"size": 614,
			"required": [
				"fin/cash/flow/analyzer/controller/BaseController.js",
				"sap/ui/model/json/JSONModel.js"
			]
		},
		{
			"name": "controller/BankAccountHierarchy-dbg.controller.js",
			"module": "fin/cash/flow/analyzer/controller/BankAccountHierarchy.controller.js",
			"size": 319,
			"isDebug": true,
			"required": [
				"fin/cash/flow/analyzer/controller/NewHierarchyController.js"
			]
		},
		{
			"name": "controller/BankAccountHierarchy.controller.js",
			"module": "fin/cash/flow/analyzer/controller/BankAccountHierarchy.controller.js",
			"size": 272,
			"required": [
				"fin/cash/flow/analyzer/controller/NewHierarchyController.js"
			]
		},
		{
			"name": "controller/BaseController-dbg.js",
			"module": "fin/cash/flow/analyzer/controller/BaseController.js",
			"size": 4236,
			"isDebug": true,
			"required": [
				"sap/ui/core/mvc/Controller.js"
			]
		},
		{
			"name": "controller/BaseController.js",
			"module": "fin/cash/flow/analyzer/controller/BaseController.js",
			"size": 1792,
			"required": [
				"sap/ui/core/mvc/Controller.js"
			]
		},
		{
			"name": "controller/CashConcentrationSim-dbg.controller.js",
			"module": "fin/cash/flow/analyzer/controller/CashConcentrationSim.controller.js",
			"size": 319,
			"isDebug": true,
			"required": [
				"fin/cash/flow/analyzer/controller/NewHierarchyController.js"
			]
		},
		{
			"name": "controller/CashConcentrationSim.controller.js",
			"module": "fin/cash/flow/analyzer/controller/CashConcentrationSim.controller.js",
			"size": 272,
			"required": [
				"fin/cash/flow/analyzer/controller/NewHierarchyController.js"
			]
		},
		{
			"name": "controller/CycleController-dbg.js",
			"module": "fin/cash/flow/analyzer/controller/CycleController.js",
			"size": 7697,
			"isDebug": true,
			"required": [
				"fin/cash/flow/analyzer/model/formatter.js",
				"fin/cash/flow/analyzer/util/Conversions.js",
				"fin/cash/flow/analyzer/util/Formatter.js",
				"fin/cash/flow/analyzer/util/StringUtil.js",
				"sap/suite/ui/commons/util/DateUtils.js",
				"sap/ui/core/routing/History.js",
				"sap/ui/generic/app/navigation/service/NavigationHandler.js",
				"sap/ui/generic/app/navigation/service/SelectionVariant.js",
				"sap/ui/model/Filter.js",
				"sap/ui/model/FilterOperator.js",
				"sap/ui/model/json/JSONModel.js"
			]
		},
		{
			"name": "controller/CycleController.js",
			"module": "fin/cash/flow/analyzer/controller/CycleController.js",
			"size": 4479,
			"required": [
				"fin/cash/flow/analyzer/model/formatter.js",
				"fin/cash/flow/analyzer/util/Conversions.js",
				"fin/cash/flow/analyzer/util/Formatter.js",
				"fin/cash/flow/analyzer/util/StringUtil.js",
				"sap/suite/ui/commons/util/DateUtils.js",
				"sap/ui/core/routing/History.js",
				"sap/ui/generic/app/navigation/service/NavigationHandler.js",
				"sap/ui/generic/app/navigation/service/SelectionVariant.js",
				"sap/ui/model/Filter.js",
				"sap/ui/model/FilterOperator.js",
				"sap/ui/model/json/JSONModel.js"
			]
		},
		{
			"name": "controller/DetailList-dbg.controller.js",
			"module": "fin/cash/flow/analyzer/controller/DetailList.controller.js",
			"size": 22738,
			"isDebug": true,
			"required": [
				"fin/cash/flow/analyzer/controller/BaseController.js",
				"fin/cash/flow/analyzer/model/formatter.js",
				"fin/cash/flow/analyzer/util/Conversions.js",
				"fin/cash/flow/analyzer/util/ErrorHandler.js",
				"fin/cash/flow/analyzer/util/Formatter.js",
				"fin/cash/flow/analyzer/util/StringUtil.js",
				"sap/ui/generic/app/navigation/service/NavigationHandler.js",
				"sap/ui/generic/app/navigation/service/SelectionVariant.js",
				"sap/ui/model/Filter.js",
				"sap/ui/model/FilterOperator.js",
				"sap/ui/model/json/JSONModel.js"
			]
		},
		{
			"name": "controller/DetailList.controller.js",
			"module": "fin/cash/flow/analyzer/controller/DetailList.controller.js",
			"size": 15008,
			"required": [
				"fin/cash/flow/analyzer/controller/BaseController.js",
				"fin/cash/flow/analyzer/model/formatter.js",
				"fin/cash/flow/analyzer/util/Conversions.js",
				"fin/cash/flow/analyzer/util/ErrorHandler.js",
				"fin/cash/flow/analyzer/util/Formatter.js",
				"fin/cash/flow/analyzer/util/StringUtil.js",
				"sap/ui/generic/app/navigation/service/NavigationHandler.js",
				"sap/ui/generic/app/navigation/service/SelectionVariant.js",
				"sap/ui/model/Filter.js",
				"sap/ui/model/FilterOperator.js",
				"sap/ui/model/json/JSONModel.js"
			]
		},
		{
			"name": "controller/ErrorHandler-dbg.js",
			"module": "fin/cash/flow/analyzer/controller/ErrorHandler.js",
			"size": 4578,
			"isDebug": true,
			"required": [
				"sap/m/MessageBox.js",
				"sap/ui/base/Object.js"
			]
		},
		{
			"name": "controller/ErrorHandler.js",
			"module": "fin/cash/flow/analyzer/controller/ErrorHandler.js",
			"size": 2658,
			"required": [
				"sap/m/MessageBox.js",
				"sap/ui/base/Object.js"
			]
		},
		{
			"name": "controller/ExternalNavigationController-dbg.js",
			"module": "fin/cash/flow/analyzer/controller/ExternalNavigationController.js",
			"size": 44313,
			"isDebug": true,
			"required": [
				"sap/m/MessageBox.js",
				"sap/ui/base/Object.js",
				"sap/ui/generic/app/navigation/service/NavigationHandler.js",
				"sap/ui/generic/app/navigation/service/SelectionVariant.js"
			]
		},
		{
			"name": "controller/ExternalNavigationController.js",
			"module": "fin/cash/flow/analyzer/controller/ExternalNavigationController.js",
			"size": 23923,
			"required": [
				"sap/m/MessageBox.js",
				"sap/ui/base/Object.js",
				"sap/ui/generic/app/navigation/service/NavigationHandler.js",
				"sap/ui/generic/app/navigation/service/SelectionVariant.js"
			]
		},
		{
			"name": "controller/LiquidityItemHierarchy-dbg.controller.js",
			"module": "fin/cash/flow/analyzer/controller/LiquidityItemHierarchy.controller.js",
			"size": 321,
			"isDebug": true,
			"required": [
				"fin/cash/flow/analyzer/controller/NewHierarchyController.js"
			]
		},
		{
			"name": "controller/LiquidityItemHierarchy.controller.js",
			"module": "fin/cash/flow/analyzer/controller/LiquidityItemHierarchy.controller.js",
			"size": 274,
			"required": [
				"fin/cash/flow/analyzer/controller/NewHierarchyController.js"
			]
		},
		{
			"name": "controller/MainController-dbg.js",
			"module": "fin/cash/flow/analyzer/controller/MainController.js",
			"size": 83734,
			"isDebug": true,
			"required": [
				"fin/cash/flow/analyzer/controller/BaseController.js",
				"fin/cash/flow/analyzer/controller/CycleController.js",
				"fin/cash/flow/analyzer/controller/ExternalNavigationController.js",
				"fin/cash/flow/analyzer/helper/AppSettingsHelper.js",
				"fin/cash/flow/analyzer/model/formatter.js",
				"fin/cash/flow/analyzer/util/Conversions.js",
				"fin/cash/flow/analyzer/util/ErrorHandler.js",
				"fin/cash/flow/analyzer/util/Formatter.js",
				"fin/cash/flow/analyzer/util/StringUtil.js",
				"sap/m/Button.js",
				"sap/m/MessageBox.js",
				"sap/suite/ui/commons/util/DateUtils.js",
				"sap/ui/core/routing/History.js",
				"sap/ui/generic/app/navigation/service/NavigationHandler.js",
				"sap/ui/generic/app/navigation/service/SelectionVariant.js",
				"sap/ui/model/Filter.js",
				"sap/ui/model/FilterOperator.js",
				"sap/ui/model/json/JSONModel.js"
			]
		},
		{
			"name": "controller/MainController.js",
			"module": "fin/cash/flow/analyzer/controller/MainController.js",
			"size": 52129,
			"required": [
				"fin/cash/flow/analyzer/controller/BaseController.js",
				"fin/cash/flow/analyzer/controller/CycleController.js",
				"fin/cash/flow/analyzer/controller/ExternalNavigationController.js",
				"fin/cash/flow/analyzer/helper/AppSettingsHelper.js",
				"fin/cash/flow/analyzer/model/formatter.js",
				"fin/cash/flow/analyzer/util/Conversions.js",
				"fin/cash/flow/analyzer/util/ErrorHandler.js",
				"fin/cash/flow/analyzer/util/Formatter.js",
				"fin/cash/flow/analyzer/util/StringUtil.js",
				"sap/m/Button.js",
				"sap/m/MessageBox.js",
				"sap/suite/ui/commons/util/DateUtils.js",
				"sap/ui/core/routing/History.js",
				"sap/ui/generic/app/navigation/service/NavigationHandler.js",
				"sap/ui/generic/app/navigation/service/SelectionVariant.js",
				"sap/ui/model/Filter.js",
				"sap/ui/model/FilterOperator.js",
				"sap/ui/model/json/JSONModel.js"
			]
		},
		{
			"name": "controller/NewHierarchyController-dbg.js",
			"module": "fin/cash/flow/analyzer/controller/NewHierarchyController.js",
			"size": 73191,
			"isDebug": true,
			"required": [
				"fin/cash/flow/analyzer/controller/BaseController.js",
				"fin/cash/flow/analyzer/controller/CycleController.js",
				"fin/cash/flow/analyzer/controller/ExternalNavigationController.js",
				"fin/cash/flow/analyzer/helper/AppSettingsHelper.js",
				"fin/cash/flow/analyzer/util/Conversions.js",
				"fin/cash/flow/analyzer/util/ErrorHandler.js",
				"fin/cash/flow/analyzer/util/StringUtil.js",
				"sap/ui/core/routing/History.js",
				"sap/ui/core/util/File.js",
				"sap/ui/generic/app/navigation/service/NavigationHandler.js",
				"sap/ui/generic/app/navigation/service/SelectionVariant.js",
				"sap/ui/model/json/JSONModel.js",
				"sap/ui/table/Column.js"
			]
		},
		{
			"name": "controller/NewHierarchyController.js",
			"module": "fin/cash/flow/analyzer/controller/NewHierarchyController.js",
			"size": 43095,
			"required": [
				"fin/cash/flow/analyzer/controller/BaseController.js",
				"fin/cash/flow/analyzer/controller/CycleController.js",
				"fin/cash/flow/analyzer/controller/ExternalNavigationController.js",
				"fin/cash/flow/analyzer/helper/AppSettingsHelper.js",
				"fin/cash/flow/analyzer/util/Conversions.js",
				"fin/cash/flow/analyzer/util/ErrorHandler.js",
				"fin/cash/flow/analyzer/util/StringUtil.js",
				"sap/ui/core/routing/History.js",
				"sap/ui/core/util/File.js",
				"sap/ui/generic/app/navigation/service/NavigationHandler.js",
				"sap/ui/generic/app/navigation/service/SelectionVariant.js",
				"sap/ui/model/json/JSONModel.js",
				"sap/ui/table/Column.js"
			]
		},
		{
			"name": "controller/NotFound-dbg.controller.js",
			"module": "fin/cash/flow/analyzer/controller/NotFound.controller.js",
			"size": 465,
			"isDebug": true,
			"required": [
				"fin/cash/flow/analyzer/controller/BaseController.js"
			]
		},
		{
			"name": "controller/NotFound.controller.js",
			"module": "fin/cash/flow/analyzer/controller/NotFound.controller.js",
			"size": 313,
			"required": [
				"fin/cash/flow/analyzer/controller/BaseController.js"
			]
		},
		{
			"name": "controller/S1-dbg.controller.js",
			"module": "fin/cash/flow/analyzer/controller/S1.controller.js",
			"size": 1048,
			"isDebug": true,
			"required": [
				"fin/cash/flow/analyzer/controller/BaseController.js"
			]
		},
		{
			"name": "controller/S1.controller.js",
			"module": "fin/cash/flow/analyzer/controller/S1.controller.js",
			"size": 381,
			"required": [
				"fin/cash/flow/analyzer/controller/BaseController.js"
			]
		},
		{
			"name": "controller/S2-dbg.controller.js",
			"module": "fin/cash/flow/analyzer/controller/S2.controller.js",
			"size": 308,
			"format": "raw",
			"isDebug": true
		},
		{
			"name": "controller/S2.controller.js",
			"module": "fin/cash/flow/analyzer/controller/S2.controller.js",
			"size": 91,
			"format": "raw"
		},
		{
			"name": "controller/Worklist-dbg.controller.js",
			"module": "fin/cash/flow/analyzer/controller/Worklist.controller.js",
			"size": 289,
			"isDebug": true,
			"required": [
				"fin/cash/flow/analyzer/controller/MainController.js"
			]
		},
		{
			"name": "controller/Worklist.controller.js",
			"module": "fin/cash/flow/analyzer/controller/Worklist.controller.js",
			"size": 252,
			"required": [
				"fin/cash/flow/analyzer/controller/MainController.js"
			]
		},
		{
			"name": "controller/Worklist_D-dbg.controller.js",
			"module": "fin/cash/flow/analyzer/controller/Worklist_D.controller.js",
			"size": 296,
			"isDebug": true,
			"required": [
				"fin/cash/flow/analyzer/controller/MainController.js"
			]
		},
		{
			"name": "controller/Worklist_D.controller.js",
			"module": "fin/cash/flow/analyzer/controller/Worklist_D.controller.js",
			"size": 254,
			"required": [
				"fin/cash/flow/analyzer/controller/MainController.js"
			]
		},
		{
			"name": "css/style-dbg.css",
			"size": 61,
			"isDebug": true
		},
		{
			"name": "css/style.css",
			"size": 51
		},
		{
			"name": "helper/AppSettingsHelper-dbg.js",
			"module": "fin/cash/flow/analyzer/helper/AppSettingsHelper.js",
			"size": 9485,
			"isDebug": true,
			"required": [
				"sap/ui/comp/odata/MetadataAnalyser.js",
				"sap/ui/comp/providers/ValueHelpProvider.js",
				"sap/ui/comp/providers/ValueListProvider.js"
			]
		},
		{
			"name": "helper/AppSettingsHelper.js",
			"module": "fin/cash/flow/analyzer/helper/AppSettingsHelper.js",
			"size": 7464,
			"required": [
				"sap/ui/comp/odata/MetadataAnalyser.js",
				"sap/ui/comp/providers/ValueHelpProvider.js",
				"sap/ui/comp/providers/ValueListProvider.js"
			]
		},
		{
			"name": "i18n/i18n.properties",
			"module": "fin/cash/flow/analyzer/i18n/i18n.properties",
			"size": 17233,
			"locale": "",
			"raw": "i18n/i18n.properties"
		},
		{
			"name": "i18n/i18n_ar.properties",
			"module": "fin/cash/flow/analyzer/i18n/i18n_ar.properties",
			"size": 41264,
			"locale": "ar",
			"raw": "i18n/i18n.properties"
		},
		{
			"name": "i18n/i18n_bg.properties",
			"module": "fin/cash/flow/analyzer/i18n/i18n_bg.properties",
			"size": 52009,
			"locale": "bg",
			"raw": "i18n/i18n.properties"
		},
		{
			"name": "i18n/i18n_ca.properties",
			"module": "fin/cash/flow/analyzer/i18n/i18n_ca.properties",
			"size": 19301,
			"locale": "ca",
			"raw": "i18n/i18n.properties"
		},
		{
			"name": "i18n/i18n_cs.properties",
			"module": "fin/cash/flow/analyzer/i18n/i18n_cs.properties",
			"size": 21188,
			"locale": "cs",
			"raw": "i18n/i18n.properties"
		},
		{
			"name": "i18n/i18n_da.properties",
			"module": "fin/cash/flow/analyzer/i18n/i18n_da.properties",
			"size": 17455,
			"locale": "da",
			"raw": "i18n/i18n.properties"
		},
		{
			"name": "i18n/i18n_de.properties",
			"module": "fin/cash/flow/analyzer/i18n/i18n_de.properties",
			"size": 18225,
			"locale": "de",
			"raw": "i18n/i18n.properties"
		},
		{
			"name": "i18n/i18n_el.properties",
			"module": "fin/cash/flow/analyzer/i18n/i18n_el.properties",
			"size": 52770,
			"locale": "el",
			"raw": "i18n/i18n.properties"
		},
		{
			"name": "i18n/i18n_en.properties",
			"module": "fin/cash/flow/analyzer/i18n/i18n_en.properties",
			"size": 17100,
			"locale": "en",
			"raw": "i18n/i18n.properties"
		},
		{
			"name": "i18n/i18n_en_US_sappsd.properties",
			"module": "fin/cash/flow/analyzer/i18n/i18n_en_US_sappsd.properties",
			"size": 61299,
			"locale": "en_US_sappsd",
			"raw": "i18n/i18n.properties"
		},
		{
			"name": "i18n/i18n_en_US_saptrc.properties",
			"module": "fin/cash/flow/analyzer/i18n/i18n_en_US_saptrc.properties",
			"size": 23905,
			"locale": "en_US_saptrc",
			"raw": "i18n/i18n.properties"
		},
		{
			"name": "i18n/i18n_es.properties",
			"module": "fin/cash/flow/analyzer/i18n/i18n_es.properties",
			"size": 19475,
			"locale": "es",
			"raw": "i18n/i18n.properties"
		},
		{
			"name": "i18n/i18n_et.properties",
			"module": "fin/cash/flow/analyzer/i18n/i18n_et.properties",
			"size": 17404,
			"locale": "et",
			"raw": "i18n/i18n.properties"
		},
		{
			"name": "i18n/i18n_fi.properties",
			"module": "fin/cash/flow/analyzer/i18n/i18n_fi.properties",
			"size": 18750,
			"locale": "fi",
			"raw": "i18n/i18n.properties"
		},
		{
			"name": "i18n/i18n_fr.properties",
			"module": "fin/cash/flow/analyzer/i18n/i18n_fr.properties",
			"size": 20099,
			"locale": "fr",
			"raw": "i18n/i18n.properties"
		},
		{
			"name": "i18n/i18n_hi.properties",
			"module": "fin/cash/flow/analyzer/i18n/i18n_hi.properties",
			"size": 43233,
			"locale": "hi",
			"raw": "i18n/i18n.properties"
		},
		{
			"name": "i18n/i18n_hr.properties",
			"module": "fin/cash/flow/analyzer/i18n/i18n_hr.properties",
			"size": 18799,
			"locale": "hr",
			"raw": "i18n/i18n.properties"
		},
		{
			"name": "i18n/i18n_hu.properties",
			"module": "fin/cash/flow/analyzer/i18n/i18n_hu.properties",
			"size": 21523,
			"locale": "hu",
			"raw": "i18n/i18n.properties"
		},
		{
			"name": "i18n/i18n_it.properties",
			"module": "fin/cash/flow/analyzer/i18n/i18n_it.properties",
			"size": 18555,
			"locale": "it",
			"raw": "i18n/i18n.properties"
		},
		{
			"name": "i18n/i18n_iw.properties",
			"module": "fin/cash/flow/analyzer/i18n/i18n_iw.properties",
			"size": 36939,
			"locale": "iw",
			"raw": "i18n/i18n.properties"
		},
		{
			"name": "i18n/i18n_ja.properties",
			"module": "fin/cash/flow/analyzer/i18n/i18n_ja.properties",
			"size": 26000,
			"locale": "ja",
			"raw": "i18n/i18n.properties"
		},
		{
			"name": "i18n/i18n_kk.properties",
			"module": "fin/cash/flow/analyzer/i18n/i18n_kk.properties",
			"size": 49168,
			"locale": "kk",
			"raw": "i18n/i18n.properties"
		},
		{
			"name": "i18n/i18n_ko.properties",
			"module": "fin/cash/flow/analyzer/i18n/i18n_ko.properties",
			"size": 23829,
			"locale": "ko",
			"raw": "i18n/i18n.properties"
		},
		{
			"name": "i18n/i18n_lt.properties",
			"module": "fin/cash/flow/analyzer/i18n/i18n_lt.properties",
			"size": 20371,
			"locale": "lt",
			"raw": "i18n/i18n.properties"
		},
		{
			"name": "i18n/i18n_lv.properties",
			"module": "fin/cash/flow/analyzer/i18n/i18n_lv.properties",
			"size": 21507,
			"locale": "lv",
			"raw": "i18n/i18n.properties"
		},
		{
			"name": "i18n/i18n_ms.properties",
			"module": "fin/cash/flow/analyzer/i18n/i18n_ms.properties",
			"size": 17536,
			"locale": "ms",
			"raw": "i18n/i18n.properties"
		},
		{
			"name": "i18n/i18n_nl.properties",
			"module": "fin/cash/flow/analyzer/i18n/i18n_nl.properties",
			"size": 17410,
			"locale": "nl",
			"raw": "i18n/i18n.properties"
		},
		{
			"name": "i18n/i18n_no.properties",
			"module": "fin/cash/flow/analyzer/i18n/i18n_no.properties",
			"size": 17660,
			"locale": "no",
			"raw": "i18n/i18n.properties"
		},
		{
			"name": "i18n/i18n_pl.properties",
			"module": "fin/cash/flow/analyzer/i18n/i18n_pl.properties",
			"size": 20342,
			"locale": "pl",
			"raw": "i18n/i18n.properties"
		},
		{
			"name": "i18n/i18n_pt.properties",
			"module": "fin/cash/flow/analyzer/i18n/i18n_pt.properties",
			"size": 19718,
			"locale": "pt",
			"raw": "i18n/i18n.properties"
		},
		{
			"name": "i18n/i18n_ro.properties",
			"module": "fin/cash/flow/analyzer/i18n/i18n_ro.properties",
			"size": 19633,
			"locale": "ro",
			"raw": "i18n/i18n.properties"
		},
		{
			"name": "i18n/i18n_ru.properties",
			"module": "fin/cash/flow/analyzer/i18n/i18n_ru.properties",
			"size": 49232,
			"locale": "ru",
			"raw": "i18n/i18n.properties"
		},
		{
			"name": "i18n/i18n_sh.properties",
			"module": "fin/cash/flow/analyzer/i18n/i18n_sh.properties",
			"size": 18960,
			"locale": "sh",
			"raw": "i18n/i18n.properties"
		},
		{
			"name": "i18n/i18n_sk.properties",
			"module": "fin/cash/flow/analyzer/i18n/i18n_sk.properties",
			"size": 20788,
			"locale": "sk",
			"raw": "i18n/i18n.properties"
		},
		{
			"name": "i18n/i18n_sl.properties",
			"module": "fin/cash/flow/analyzer/i18n/i18n_sl.properties",
			"size": 18564,
			"locale": "sl",
			"raw": "i18n/i18n.properties"
		},
		{
			"name": "i18n/i18n_sv.properties",
			"module": "fin/cash/flow/analyzer/i18n/i18n_sv.properties",
			"size": 17942,
			"locale": "sv",
			"raw": "i18n/i18n.properties"
		},
		{
			"name": "i18n/i18n_th.properties",
			"module": "fin/cash/flow/analyzer/i18n/i18n_th.properties",
			"size": 46164,
			"locale": "th",
			"raw": "i18n/i18n.properties"
		},
		{
			"name": "i18n/i18n_tr.properties",
			"module": "fin/cash/flow/analyzer/i18n/i18n_tr.properties",
			"size": 20451,
			"locale": "tr",
			"raw": "i18n/i18n.properties"
		},
		{
			"name": "i18n/i18n_uk.properties",
			"module": "fin/cash/flow/analyzer/i18n/i18n_uk.properties",
			"size": 50576,
			"locale": "uk",
			"raw": "i18n/i18n.properties"
		},
		{
			"name": "i18n/i18n_vi.properties",
			"module": "fin/cash/flow/analyzer/i18n/i18n_vi.properties",
			"size": 29429,
			"locale": "vi",
			"raw": "i18n/i18n.properties"
		},
		{
			"name": "i18n/i18n_zh_CN.properties",
			"module": "fin/cash/flow/analyzer/i18n/i18n_zh_CN.properties",
			"size": 22144,
			"locale": "zh_CN",
			"raw": "i18n/i18n.properties"
		},
		{
			"name": "i18n/i18n_zh_TW.properties",
			"module": "fin/cash/flow/analyzer/i18n/i18n_zh_TW.properties",
			"size": 21945,
			"locale": "zh_TW",
			"raw": "i18n/i18n.properties"
		},
		{
			"name": "localService/metadata.xml",
			"size": 306173
		},
		{
			"name": "localService/mockserver-dbg.js",
			"size": 9202,
			"isDebug": true
		},
		{
			"name": "localService/mockserver.js",
			"size": 819
		},
		{
			"name": "manifest.json",
			"module": "fin/cash/flow/analyzer/manifest.json",
			"size": 5518
		},
		{
			"name": "model/formatter-dbg.js",
			"module": "fin/cash/flow/analyzer/model/formatter.js",
			"size": 481,
			"isDebug": true
		},
		{
			"name": "model/formatter.js",
			"module": "fin/cash/flow/analyzer/model/formatter.js",
			"size": 218
		},
		{
			"name": "model/models-dbg.js",
			"module": "fin/cash/flow/analyzer/model/models.js",
			"size": 717,
			"isDebug": true,
			"required": [
				"sap/ui/Device.js",
				"sap/ui/model/json/JSONModel.js"
			]
		},
		{
			"name": "model/models.js",
			"module": "fin/cash/flow/analyzer/model/models.js",
			"size": 471,
			"required": [
				"sap/ui/Device.js",
				"sap/ui/model/json/JSONModel.js"
			]
		},
		{
			"name": "resources.json",
			"size": 48872
		},
		{
			"name": "util/Conversions-dbg.js",
			"module": "fin/cash/flow/analyzer/util/Conversions.js",
			"size": 15098,
			"isDebug": true,
			"required": [
				"sap/ui/core/format/DateFormat.js",
				"sap/ui/core/format/NumberFormat.js"
			]
		},
		{
			"name": "util/Conversions.js",
			"module": "fin/cash/flow/analyzer/util/Conversions.js",
			"size": 8243,
			"required": [
				"sap/ui/core/format/DateFormat.js",
				"sap/ui/core/format/NumberFormat.js"
			]
		},
		{
			"name": "util/ErrorHandler-dbg.js",
			"module": "fin/cash/flow/analyzer/util/ErrorHandler.js",
			"size": 4225,
			"isDebug": true,
			"required": [
				"sap/m/MessageBox.js"
			]
		},
		{
			"name": "util/ErrorHandler.js",
			"module": "fin/cash/flow/analyzer/util/ErrorHandler.js",
			"size": 2611,
			"required": [
				"sap/m/MessageBox.js"
			]
		},
		{
			"name": "util/Formatter-dbg.js",
			"module": "fin/cash/flow/analyzer/util/Formatter.js",
			"size": 3940,
			"isDebug": true,
			"required": [
				"sap/ui/core/format/DateFormat.js",
				"sap/ui/core/format/NumberFormat.js"
			]
		},
		{
			"name": "util/Formatter.js",
			"module": "fin/cash/flow/analyzer/util/Formatter.js",
			"size": 2629,
			"required": [
				"sap/ui/core/format/DateFormat.js",
				"sap/ui/core/format/NumberFormat.js"
			]
		},
		{
			"name": "util/StringUtil-dbg.js",
			"module": "fin/cash/flow/analyzer/util/StringUtil.js",
			"size": 3308,
			"isDebug": true
		},
		{
			"name": "util/StringUtil.js",
			"module": "fin/cash/flow/analyzer/util/StringUtil.js",
			"size": 2150
		},
		{
			"name": "version.json",
			"size": 207
		},
		{
			"name": "view/App.view.xml",
			"module": "fin/cash/flow/analyzer/view/App.view.xml",
			"size": 342,
			"required": [
				"fin/cash/flow/analyzer/controller/App.controller.js",
				"sap/m/App.js",
				"sap/ui/core/mvc/XMLView.js"
			]
		},
		{
			"name": "view/BankAccountHierarchy.view.xml",
			"module": "fin/cash/flow/analyzer/view/BankAccountHierarchy.view.xml",
			"size": 15378,
			"required": [
				"fin/cash/flow/analyzer/controller/BankAccountHierarchy.controller.js",
				"sap/f/DynamicPage.js",
				"sap/f/DynamicPageHeader.js",
				"sap/f/DynamicPageTitle.js",
				"sap/m/Button.js",
				"sap/m/DateTimePicker.js",
				"sap/m/FlexItemData.js",
				"sap/m/Input.js",
				"sap/m/Text.js",
				"sap/m/ToolbarSpacer.js",
				"sap/ui/comp/smartfilterbar/ControlConfiguration.js",
				"sap/ui/comp/smartfilterbar/GroupConfiguration.js",
				"sap/ui/comp/smartfilterbar/SmartFilterBar.js",
				"sap/ui/comp/smartvariants/SmartVariantManagement.js",
				"sap/ui/core/CustomData.js",
				"sap/ui/core/mvc/XMLView.js"
			]
		},
		{
			"name": "view/CashConcentrationSim.view.xml",
			"module": "fin/cash/flow/analyzer/view/CashConcentrationSim.view.xml",
			"size": 5456,
			"required": [
				"fin/cash/flow/analyzer/controller/CashConcentrationSim.controller.js",
				"sap/f/DynamicPage.js",
				"sap/f/DynamicPageHeader.js",
				"sap/f/DynamicPageTitle.js",
				"sap/m/Button.js",
				"sap/m/FlexItemData.js",
				"sap/m/Text.js",
				"sap/m/ToolbarSpacer.js",
				"sap/ui/comp/smartfilterbar/ControlConfiguration.js",
				"sap/ui/comp/smartfilterbar/GroupConfiguration.js",
				"sap/ui/comp/smartfilterbar/SmartFilterBar.js",
				"sap/ui/comp/smartvariants/SmartVariantManagement.js",
				"sap/ui/core/CustomData.js",
				"sap/ui/core/mvc/XMLView.js"
			]
		},
		{
			"name": "view/DetailList.view.xml",
			"module": "fin/cash/flow/analyzer/view/DetailList.view.xml",
			"size": 41268,
			"required": [
				"fin/cash/flow/analyzer/controller/DetailList.controller.js",
				"sap/f/DynamicPage.js",
				"sap/f/DynamicPageHeader.js",
				"sap/f/DynamicPageTitle.js",
				"sap/m/Button.js",
				"sap/m/DateTimePicker.js",
				"sap/m/FlexItemData.js",
				"sap/m/HBox.js",
				"sap/m/Label.js",
				"sap/m/ObjectAttribute.js",
				"sap/m/ObjectStatus.js",
				"sap/m/Text.js",
				"sap/m/Title.js",
				"sap/ui/comp/smartfilterbar/ControlConfiguration.js",
				"sap/ui/comp/smartfilterbar/SmartFilterBar.js",
				"sap/ui/comp/smarttable/SmartTable.js",
				"sap/ui/core/CustomData.js",
				"sap/ui/core/mvc/XMLView.js",
				"sap/ui/layout/HorizontalLayout.js",
				"sap/ui/layout/VerticalLayout.js",
				"sap/ui/table/AnalyticalColumn.js",
				"sap/ui/table/AnalyticalTable.js",
				"sap/ui/table/RowAction.js",
				"sap/ui/table/RowActionItem.js"
			]
		},
		{
			"name": "view/LiquidityItemHierarchy.view.xml",
			"module": "fin/cash/flow/analyzer/view/LiquidityItemHierarchy.view.xml",
			"size": 15847,
			"required": [
				"fin/cash/flow/analyzer/controller/LiquidityItemHierarchy.controller.js",
				"sap/f/DynamicPage.js",
				"sap/f/DynamicPageHeader.js",
				"sap/f/DynamicPageTitle.js",
				"sap/m/Button.js",
				"sap/m/DateTimePicker.js",
				"sap/m/FlexItemData.js",
				"sap/m/Input.js",
				"sap/m/Text.js",
				"sap/m/ToolbarSpacer.js",
				"sap/ui/comp/smartfilterbar/ControlConfiguration.js",
				"sap/ui/comp/smartfilterbar/GroupConfiguration.js",
				"sap/ui/comp/smartfilterbar/SmartFilterBar.js",
				"sap/ui/comp/smartvariants/SmartVariantManagement.js",
				"sap/ui/core/CustomData.js",
				"sap/ui/core/mvc/XMLView.js"
			]
		},
		{
			"name": "view/NotFound.view.xml",
			"module": "fin/cash/flow/analyzer/view/NotFound.view.xml",
			"size": 515,
			"required": [
				"fin/cash/flow/analyzer/controller/NotFound.controller.js",
				"sap/m/Link.js",
				"sap/m/MessagePage.js",
				"sap/ui/core/mvc/XMLView.js"
			]
		},
		{
			"name": "view/S1.view.xml",
			"module": "fin/cash/flow/analyzer/view/S1.view.xml",
			"size": 28214,
			"required": [
				"fin/cash/flow/analyzer/controller/S1.controller.js",
				"sap/m/FlexItemData.js",
				"sap/m/Label.js",
				"sap/m/Link.js",
				"sap/m/Text.js",
				"sap/m/VBox.js",
				"sap/m/semantic/FullscreenPage.js",
				"sap/m/semantic/SendEmailAction.js",
				"sap/m/semantic/ShareInJamAction.js",
				"sap/ui/comp/smartfilterbar/ControlConfiguration.js",
				"sap/ui/comp/smartfilterbar/GroupConfiguration.js",
				"sap/ui/comp/smartfilterbar/SmartFilterBar.js",
				"sap/ui/comp/smarttable/SmartTable.js",
				"sap/ui/core/CustomData.js",
				"sap/ui/core/ExtensionPoint.js",
				"sap/ui/core/Icon.js",
				"sap/ui/core/mvc/XMLView.js",
				"sap/ui/table/AnalyticalColumn.js",
				"sap/ui/table/AnalyticalTable.js",
				"sap/ushell/ui/footerbar/AddBookmarkButton.js"
			]
		},
		{
			"name": "view/Worklist.view.xml",
			"module": "fin/cash/flow/analyzer/view/Worklist.view.xml",
			"size": 105049,
			"required": [
				"fin/cash/flow/analyzer/controller/Worklist.controller.js",
				"sap/f/DynamicPage.js",
				"sap/f/DynamicPageHeader.js",
				"sap/f/DynamicPageTitle.js",
				"sap/m/Button.js",
				"sap/m/DateTimePicker.js",
				"sap/m/FlexItemData.js",
				"sap/m/Input.js",
				"sap/m/Label.js",
				"sap/m/OverflowToolbar.js",
				"sap/m/Text.js",
				"sap/m/ToolbarSpacer.js",
				"sap/ui/comp/navpopover/SmartLink.js",
				"sap/ui/comp/smartfilterbar/ControlConfiguration.js",
				"sap/ui/comp/smartfilterbar/GroupConfiguration.js",
				"sap/ui/comp/smartfilterbar/SmartFilterBar.js",
				"sap/ui/comp/smarttable/SmartTable.js",
				"sap/ui/comp/smartvariants/SmartVariantManagement.js",
				"sap/ui/core/CustomData.js",
				"sap/ui/core/ExtensionPoint.js",
				"sap/ui/core/Icon.js",
				"sap/ui/core/mvc/XMLView.js",
				"sap/ui/table/AnalyticalColumn.js",
				"sap/ui/table/AnalyticalTable.js"
			]
		},
		{
			"name": "view/Worklist_D.view.xml",
			"module": "fin/cash/flow/analyzer/view/Worklist_D.view.xml",
			"size": 1374,
			"required": [
				"fin/cash/flow/analyzer/controller/Worklist_D.controller.js",
				"fin/cash/flow/analyzer/view/fragment/FlowContent.fragment.xml",
				"sap/m/semantic/FullscreenPage.js",
				"sap/m/semantic/SendEmailAction.js",
				"sap/m/semantic/ShareInJamAction.js",
				"sap/ui/core/Fragment.js",
				"sap/ui/core/mvc/XMLView.js",
				"sap/ushell/ui/footerbar/AddBookmarkButton.js"
			]
		},
		{
			"name": "view/fragment/AppSettingsDialog.fragment.xml",
			"module": "fin/cash/flow/analyzer/view/fragment/AppSettingsDialog.fragment.xml",
			"size": 4939,
			"required": [
				"sap/m/Button.js",
				"sap/m/Dialog.js",
				"sap/m/HBox.js",
				"sap/m/Input.js",
				"sap/m/Label.js",
				"sap/m/RadioButton.js",
				"sap/m/RadioButtonGroup.js",
				"sap/m/SegmentedButton.js",
				"sap/m/SegmentedButtonItem.js",
				"sap/m/Select.js",
				"sap/m/VBox.js",
				"sap/ui/core/Fragment.js",
				"sap/ui/core/Item.js",
				"sap/ui/layout/VerticalLayout.js"
			]
		},
		{
			"name": "view/fragment/BADialog.fragment.xml",
			"module": "fin/cash/flow/analyzer/view/fragment/BADialog.fragment.xml",
			"size": 650,
			"required": [
				"sap/m/SelectDialog.js",
				"sap/m/StandardListItem.js",
				"sap/ui/core/Fragment.js"
			]
		},
		{
			"name": "view/fragment/BankAccountHierarchy.fragment.xml",
			"module": "fin/cash/flow/analyzer/view/fragment/BankAccountHierarchy.fragment.xml",
			"size": 12143,
			"required": [
				"sap/m/DateTimePicker.js",
				"sap/m/FlexItemData.js",
				"sap/m/Input.js",
				"sap/ui/comp/smartfilterbar/ControlConfiguration.js",
				"sap/ui/comp/smartfilterbar/GroupConfiguration.js",
				"sap/ui/comp/smartfilterbar/SmartFilterBar.js",
				"sap/ui/core/CustomData.js",
				"sap/ui/core/Fragment.js"
			]
		},
		{
			"name": "view/fragment/CADialog.fragment.xml",
			"module": "fin/cash/flow/analyzer/view/fragment/CADialog.fragment.xml",
			"size": 609,
			"required": [
				"sap/m/SelectDialog.js",
				"sap/m/StandardListItem.js",
				"sap/ui/core/Fragment.js"
			]
		},
		{
			"name": "view/fragment/CPDialog.fragment.xml",
			"module": "fin/cash/flow/analyzer/view/fragment/CPDialog.fragment.xml",
			"size": 612,
			"required": [
				"sap/m/SelectDialog.js",
				"sap/m/StandardListItem.js",
				"sap/ui/core/Fragment.js"
			]
		},
		{
			"name": "view/fragment/CPDsplyCrcyDialog.fragment.xml",
			"module": "fin/cash/flow/analyzer/view/fragment/CPDsplyCrcyDialog.fragment.xml",
			"size": 566,
			"required": [
				"sap/m/SelectDialog.js",
				"sap/m/StandardListItem.js",
				"sap/ui/core/Fragment.js"
			]
		},
		{
			"name": "view/fragment/CashConcentrationSim.fragment.xml",
			"module": "fin/cash/flow/analyzer/view/fragment/CashConcentrationSim.fragment.xml",
			"size": 2855,
			"required": [
				"sap/m/FlexItemData.js",
				"sap/ui/comp/smartfilterbar/ControlConfiguration.js",
				"sap/ui/comp/smartfilterbar/GroupConfiguration.js",
				"sap/ui/comp/smartfilterbar/SmartFilterBar.js",
				"sap/ui/core/CustomData.js",
				"sap/ui/core/Fragment.js"
			]
		},
		{
			"name": "view/fragment/DisplaySelectionPopover.fragment.xml",
			"module": "fin/cash/flow/analyzer/view/fragment/DisplaySelectionPopover.fragment.xml",
			"size": 1003,
			"required": [
				"sap/m/Button.js",
				"sap/m/Popover.js",
				"sap/m/RadioButton.js",
				"sap/m/RadioButtonGroup.js",
				"sap/m/Toolbar.js",
				"sap/m/ToolbarSpacer.js",
				"sap/ui/core/Fragment.js"
			]
		},
		{
			"name": "view/fragment/FlowContent.fragment.xml",
			"module": "fin/cash/flow/analyzer/view/fragment/FlowContent.fragment.xml",
			"size": 100134,
			"required": [
				"sap/m/Button.js",
				"sap/m/DateTimePicker.js",
				"sap/m/FlexItemData.js",
				"sap/m/Input.js",
				"sap/m/Label.js",
				"sap/m/OverflowToolbar.js",
				"sap/m/Text.js",
				"sap/m/ToolbarSpacer.js",
				"sap/m/VBox.js",
				"sap/ui/comp/navpopover/SmartLink.js",
				"sap/ui/comp/smartfilterbar/ControlConfiguration.js",
				"sap/ui/comp/smartfilterbar/GroupConfiguration.js",
				"sap/ui/comp/smartfilterbar/SmartFilterBar.js",
				"sap/ui/comp/smarttable/SmartTable.js",
				"sap/ui/core/CustomData.js",
				"sap/ui/core/ExtensionPoint.js",
				"sap/ui/core/Fragment.js",
				"sap/ui/core/Icon.js",
				"sap/ui/table/AnalyticalColumn.js",
				"sap/ui/table/AnalyticalTable.js"
			]
		},
		{
			"name": "view/fragment/FlowContentSmartFilterBar.fragment.xml",
			"module": "fin/cash/flow/analyzer/view/fragment/FlowContentSmartFilterBar.fragment.xml",
			"size": 11639,
			"required": [
				"sap/m/DateTimePicker.js",
				"sap/m/FlexItemData.js",
				"sap/m/Input.js",
				"sap/ui/comp/smartfilterbar/ControlConfiguration.js",
				"sap/ui/comp/smartfilterbar/GroupConfiguration.js",
				"sap/ui/comp/smartfilterbar/SmartFilterBar.js",
				"sap/ui/core/CustomData.js",
				"sap/ui/core/Fragment.js"
			]
		},
		{
			"name": "view/fragment/FlowContentSmartTable.fragment.xml",
			"module": "fin/cash/flow/analyzer/view/fragment/FlowContentSmartTable.fragment.xml",
			"size": 85056,
			"required": [
				"sap/m/Button.js",
				"sap/m/FlexItemData.js",
				"sap/m/Label.js",
				"sap/m/OverflowToolbar.js",
				"sap/m/Text.js",
				"sap/m/ToolbarSpacer.js",
				"sap/ui/comp/navpopover/SmartLink.js",
				"sap/ui/comp/smarttable/SmartTable.js",
				"sap/ui/core/CustomData.js",
				"sap/ui/core/ExtensionPoint.js",
				"sap/ui/core/Fragment.js",
				"sap/ui/core/Icon.js",
				"sap/ui/table/AnalyticalColumn.js",
				"sap/ui/table/AnalyticalTable.js"
			]
		},
		{
			"name": "view/fragment/HDsplyCrcyDialog.fragment.xml",
			"module": "fin/cash/flow/analyzer/view/fragment/HDsplyCrcyDialog.fragment.xml",
			"size": 565,
			"required": [
				"sap/m/SelectDialog.js",
				"sap/m/StandardListItem.js",
				"sap/ui/core/Fragment.js"
			]
		},
		{
			"name": "view/fragment/LQDialog.fragment.xml",
			"module": "fin/cash/flow/analyzer/view/fragment/LQDialog.fragment.xml",
			"size": 717,
			"required": [
				"sap/m/SelectDialog.js",
				"sap/m/StandardListItem.js",
				"sap/ui/core/Fragment.js"
			]
		},
		{
			"name": "view/fragment/LiquidityItemHierarchy.fragment.xml",
			"module": "fin/cash/flow/analyzer/view/fragment/LiquidityItemHierarchy.fragment.xml",
			"size": 12601,
			"required": [
				"sap/m/DateTimePicker.js",
				"sap/m/FlexItemData.js",
				"sap/m/Input.js",
				"sap/ui/comp/smartfilterbar/ControlConfiguration.js",
				"sap/ui/comp/smartfilterbar/GroupConfiguration.js",
				"sap/ui/comp/smartfilterbar/SmartFilterBar.js",
				"sap/ui/core/CustomData.js",
				"sap/ui/core/Fragment.js"
			]
		},
		{
			"name": "view/fragment/NaviDetailPopOver.fragment.xml",
			"module": "fin/cash/flow/analyzer/view/fragment/NaviDetailPopOver.fragment.xml",
			"size": 5251,
			"required": [
				"sap/m/Button.js",
				"sap/m/Dialog.js",
				"sap/m/FlexBox.js",
				"sap/m/HBox.js",
				"sap/m/Input.js",
				"sap/m/Label.js",
				"sap/m/RadioButton.js",
				"sap/m/VBox.js",
				"sap/ui/core/Fragment.js",
				"sap/ui/layout/VerticalLayout.js"
			]
		},
		{
			"name": "view/fragment/NaviPopOverForBL.fragment.xml",
			"module": "fin/cash/flow/analyzer/view/fragment/NaviPopOverForBL.fragment.xml",
			"size": 1900,
			"required": [
				"sap/m/Button.js",
				"sap/m/Dialog.js",
				"sap/m/FlexBox.js",
				"sap/m/HBox.js",
				"sap/m/Input.js",
				"sap/m/Label.js",
				"sap/m/VBox.js",
				"sap/ui/core/Fragment.js",
				"sap/ui/layout/VerticalLayout.js"
			]
		},
		{
			"name": "view/fragment/UsrDsplyCrcyDialog.fragment.xml",
			"module": "fin/cash/flow/analyzer/view/fragment/UsrDsplyCrcyDialog.fragment.xml",
			"size": 616,
			"required": [
				"sap/m/SelectDialog.js",
				"sap/m/StandardListItem.js",
				"sap/ui/core/Fragment.js"
			]
		},
		{
			"name": "view/fragment/Worklist_D.fragment.xml",
			"module": "fin/cash/flow/analyzer/view/fragment/Worklist_D.fragment.xml",
			"size": 1398,
			"required": [
				"fin/cash/flow/analyzer/view/FlowContent.fragment.xml",
				"sap/m/semantic/FullscreenPage.js",
				"sap/m/semantic/SendEmailAction.js",
				"sap/m/semantic/ShareInJamAction.js",
				"sap/ui/core/Fragment.js",
				"sap/ui/core/mvc/View.js",
				"sap/ushell/ui/footerbar/AddBookmarkButton.js"
			]
		},
		{
			"name": "view/fragment/shareActionSheet.fragment.xml",
			"module": "fin/cash/flow/analyzer/view/fragment/shareActionSheet.fragment.xml",
			"size": 841,
			"required": [
				"sap/m/ActionSheet.js",
				"sap/m/Button.js",
				"sap/ui/core/Fragment.js",
				"sap/ushell/ui/footerbar/AddBookmarkButton.js"
			]
		},
		{
			"name": "view/fragment_ccfi/BCMDetail.fragment.xml",
			"module": "fin/cash/flow/analyzer/view/fragment_ccfi/BCMDetail.fragment.xml",
			"size": 1717,
			"required": [
				"sap/m/Text.js",
				"sap/ui/core/ExtensionPoint.js",
				"sap/ui/core/Fragment.js",
				"sap/ui/core/Title.js",
				"sap/ui/layout/form/FormContainer.js",
				"sap/ui/layout/form/FormElement.js"
			]
		},
		{
			"name": "view/fragment_ccfi/BankStatement.fragment.xml",
			"module": "fin/cash/flow/analyzer/view/fragment_ccfi/BankStatement.fragment.xml",
			"size": 1361,
			"required": [
				"sap/m/Link.js",
				"sap/m/Text.js",
				"sap/ui/core/ExtensionPoint.js",
				"sap/ui/core/Fragment.js",
				"sap/ui/core/Title.js",
				"sap/ui/layout/form/FormContainer.js",
				"sap/ui/layout/form/FormElement.js"
			]
		},
		{
			"name": "view/fragment_ccfi/Customer.fragment.xml",
			"module": "fin/cash/flow/analyzer/view/fragment_ccfi/Customer.fragment.xml",
			"size": 1780,
			"required": [
				"sap/m/Link.js",
				"sap/m/Text.js",
				"sap/ui/core/ExtensionPoint.js",
				"sap/ui/core/Fragment.js",
				"sap/ui/core/Title.js",
				"sap/ui/layout/form/FormContainer.js",
				"sap/ui/layout/form/FormElement.js"
			]
		},
		{
			"name": "view/fragment_ccfi/DocumentInfo.fragment.xml",
			"module": "fin/cash/flow/analyzer/view/fragment_ccfi/DocumentInfo.fragment.xml",
			"size": 3023,
			"required": [
				"sap/m/Link.js",
				"sap/m/Text.js",
				"sap/ui/core/ExtensionPoint.js",
				"sap/ui/core/Fragment.js",
				"sap/ui/core/Title.js",
				"sap/ui/layout/form/FormContainer.js",
				"sap/ui/layout/form/FormElement.js"
			]
		},
		{
			"name": "view/fragment_ccfi/FqmFlow.fragment.xml",
			"module": "fin/cash/flow/analyzer/view/fragment_ccfi/FqmFlow.fragment.xml",
			"size": 2213,
			"required": [
				"sap/m/Text.js",
				"sap/ui/core/ExtensionPoint.js",
				"sap/ui/core/Fragment.js",
				"sap/ui/core/Title.js",
				"sap/ui/layout/form/FormContainer.js",
				"sap/ui/layout/form/FormElement.js"
			]
		},
		{
			"name": "view/fragment_ccfi/FqmFlowMM.fragment.xml",
			"module": "fin/cash/flow/analyzer/view/fragment_ccfi/FqmFlowMM.fragment.xml",
			"size": 1144,
			"required": [
				"sap/m/Link.js",
				"sap/m/Text.js",
				"sap/ui/core/ExtensionPoint.js",
				"sap/ui/core/Fragment.js",
				"sap/ui/core/Title.js",
				"sap/ui/layout/form/FormContainer.js",
				"sap/ui/layout/form/FormElement.js"
			]
		},
		{
			"name": "view/fragment_ccfi/FqmFlowSD.fragment.xml",
			"module": "fin/cash/flow/analyzer/view/fragment_ccfi/FqmFlowSD.fragment.xml",
			"size": 1142,
			"required": [
				"sap/m/Link.js",
				"sap/m/Text.js",
				"sap/ui/core/ExtensionPoint.js",
				"sap/ui/core/Fragment.js",
				"sap/ui/core/Title.js",
				"sap/ui/layout/form/FormContainer.js",
				"sap/ui/layout/form/FormElement.js"
			]
		},
		{
			"name": "view/fragment_ccfi/GeneralInfo.fragment.xml",
			"module": "fin/cash/flow/analyzer/view/fragment_ccfi/GeneralInfo.fragment.xml",
			"size": 3635,
			"required": [
				"sap/m/Text.js",
				"sap/ui/core/ExtensionPoint.js",
				"sap/ui/core/Fragment.js",
				"sap/ui/core/Title.js",
				"sap/ui/layout/form/FormContainer.js",
				"sap/ui/layout/form/FormElement.js"
			]
		},
		{
			"name": "view/fragment_ccfi/LoanInfo.fragment.xml",
			"module": "fin/cash/flow/analyzer/view/fragment_ccfi/LoanInfo.fragment.xml",
			"size": 1469,
			"required": [
				"sap/m/Link.js",
				"sap/m/Text.js",
				"sap/ui/core/ExtensionPoint.js",
				"sap/ui/core/Fragment.js",
				"sap/ui/core/Title.js",
				"sap/ui/layout/form/FormContainer.js",
				"sap/ui/layout/form/FormElement.js"
			]
		},
		{
			"name": "view/fragment_ccfi/MemoRecord.fragment.xml",
			"module": "fin/cash/flow/analyzer/view/fragment_ccfi/MemoRecord.fragment.xml",
			"size": 1656,
			"required": [
				"sap/m/Link.js",
				"sap/m/Text.js",
				"sap/ui/core/ExtensionPoint.js",
				"sap/ui/core/Fragment.js",
				"sap/ui/core/Title.js",
				"sap/ui/layout/form/FormContainer.js",
				"sap/ui/layout/form/FormElement.js"
			]
		},
		{
			"name": "view/fragment_ccfi/PaymentDetail.fragment.xml",
			"module": "fin/cash/flow/analyzer/view/fragment_ccfi/PaymentDetail.fragment.xml",
			"size": 2293,
			"required": [
				"sap/m/Link.js",
				"sap/m/Text.js",
				"sap/ui/core/ExtensionPoint.js",
				"sap/ui/core/Fragment.js",
				"sap/ui/core/Title.js",
				"sap/ui/layout/form/FormContainer.js",
				"sap/ui/layout/form/FormElement.js"
			]
		},
		{
			"name": "view/fragment_ccfi/PaymentRequest.fragment.xml",
			"module": "fin/cash/flow/analyzer/view/fragment_ccfi/PaymentRequest.fragment.xml",
			"size": 3821,
			"required": [
				"sap/m/Link.js",
				"sap/m/Text.js",
				"sap/ui/core/ExtensionPoint.js",
				"sap/ui/core/Fragment.js",
				"sap/ui/core/Title.js",
				"sap/ui/layout/form/FormContainer.js",
				"sap/ui/layout/form/FormElement.js"
			]
		},
		{
			"name": "view/fragment_ccfi/TRM.fragment.xml",
			"module": "fin/cash/flow/analyzer/view/fragment_ccfi/TRM.fragment.xml",
			"size": 1463,
			"required": [
				"sap/m/Link.js",
				"sap/m/Text.js",
				"sap/ui/core/ExtensionPoint.js",
				"sap/ui/core/Fragment.js",
				"sap/ui/core/Title.js",
				"sap/ui/layout/form/FormContainer.js",
				"sap/ui/layout/form/FormElement.js"
			]
		},
		{
			"name": "view/fragment_ccfi/Vendor.fragment.xml",
			"module": "fin/cash/flow/analyzer/view/fragment_ccfi/Vendor.fragment.xml",
			"size": 1768,
			"required": [
				"sap/m/Link.js",
				"sap/m/Text.js",
				"sap/ui/core/ExtensionPoint.js",
				"sap/ui/core/Fragment.js",
				"sap/ui/core/Title.js",
				"sap/ui/layout/form/FormContainer.js",
				"sap/ui/layout/form/FormElement.js"
			]
		}
	]
}